{"cameraMode":{"drawMode":0,"name":"Shaded","section":"Shading Mode"},"sceneLighting":true,"audioPlay":false,"sceneViewState":{"m_AlwaysRefresh":false,"showFog":true,"showSkybox":true,"showFlares":true,"showImageEffects":true,"showParticleSystems":true,"showVisualEffectGraphs":true,"m_FxEnabled":true},"in2DMode":false,"pivot":{"x":-1.2814326286315919,"y":17.689682006835939,"z":2.751777410507202},"rotation":{"x":-0.22040033340454102,"y":0.026915211230516435,"z":-0.0060850693844258789,"w":-0.9750247001647949},"size":2.9284682273864748,"orthographic":false}